"athlete.sex","average_speed","max_speed","distance","average_heartrate","type"
"F",2.33,3.4,7657.7,141.6,"Run"
"F",8.961,14.3,32231.6,156.7,"Ride"
"F",3.287,5.3,10080.2,143.3,"Run"
"F",4.97,6,21406.9,132.1,"Ride"
"F",6.599,15.3,41787.6,144.5,"Ride"
"F",8.077,14.5,21790.4,138.3,"Ride"
"F",5.982,11,24256.5,164.4,"Ride"
"F",3.506,8.1,1483.2,113.3,"Ride"
"F",2.836,8.3,6629.5,147.9,"Run"
"F",3.268,5.3,11063.1,182,"Run"
"F",3.387,8.9,14904.3,147.9,"Ride"
"F",3.132,4.4,11917.3,158.4,"Run"
"F",3.369,3.8,397.6,161.6,"Run"
"F",5.21,13.7,19239,121.9,"Ride"
"F",8.053,14.5,38372.2,143.2,"Ride"
"F",6.452,17.4,23729.2,129.6,"Ride"
"F",6.351,8.7,20260.5,157.3,"Ride"
"F",2.059,3.1,8312.6,141.1,"Run"
"F",2.895,4.7,7413.6,149.3,"Run"
"F",7.817,10.4,32141.5,164.7,"Ride"
"F",2.958,4.2,5010.9,172.9,"Run"
"F",7.218,13.2,51120,131.8,"Ride"
"F",7.153,8.2,25715.3,137.7,"Ride"
"F",6.165,10.5,16503.4,143.7,"Ride"
"F",2.795,4.1,9614.9,148.2,"Run"
"F",4.458,9.6,50213.8,139.1,"Ride"
"F",5.672,13.4,57571.9,113,"Ride"
"F",8.395,16.4,22565.4,144.2,"Ride"
"F",8.104,16,81648.3,142.3,"Ride"
"F",7.242,10.2,16032.9,133,"Ride"
"F",2.774,4.9,10144.5,162.1,"Ride"
"F",1.874,3.6,15901.9,123.1,"Run"
"F",2.405,4.5,4851.2,137.5,"Run"
"F",2.462,3.8,8489.1,129.7,"Run"
"F",2.841,4.3,6604.8,187.3,"Run"
"F",2.561,3.7,9761.6,162.8,"Run"
"F",8.122,12.8,70086.5,119.5,"Ride"
"F",5.014,8.3,13724.2,123.4,"Ride"
"F",4.622,11.7,33025.6,112.3,"Ride"
"F",9.113,11.4,61523,161,"Ride"
"F",3.296,10.9,10168.3,148.1,"Ride"
"F",3.135,5.2,16121.8,158.9,"Run"
"F",3.164,4.3,2534.5,147.3,"Run"
"F",4.338,8.3,17743.7,117.3,"Ride"
"F",8.605,11.8,57611.6,160.4,"Ride"
"F",4.78,14.6,16600,128.6,"Run"
"F",5.419,16.2,75689.6,151.8,"Ride"
"F",7.066,14.1,37628.4,144.2,"Ride"
"F",2.828,3.7,11541.7,138.5,"Run"
"F",2.337,3.5,5143.8,154.4,"Run"
"F",1.922,2.2,1280,154.5,"Run"
"F",2.852,6.4,6004.4,166.3,"Run"
"F",6.173,11.3,15235.9,125.3,"Ride"
"F",7.286,13,23205.3,142.4,"Ride"
"F",3.02,13.9,19735,146.3,"Ride"
"F",5.207,19.6,68076.4,139,"Ride"
"F",8.581,14.9,41798.2,160.1,"Ride"
"F",3.736,4.7,5021.1,172.5,"Run"
"F",7.487,11.8,18935.1,129.5,"Ride"
"F",6.059,17.5,88483.3,134.2,"Ride"
"F",4.415,9.9,32903.8,99.4,"Ride"
"F",3.084,3.7,8371.3,152.5,"Run"
"F",7.032,14.5,65787.7,110.2,"Ride"
"F",5.059,15.2,20002.2,128.2,"Ride"
"F",8.171,14.4,56486.2,144.9,"Ride"
"F",2.803,5.4,11481.4,159.4,"Run"
"F",2.351,2.7,1412.9,151.1,"Run"
"F",2.792,4.2,9961.1,170.9,"Run"
"F",2.413,3.1,4550,167.3,"Run"
"F",6.351,16,74647.4,141.9,"Ride"
"F",4.215,10.9,20527.9,161.6,"Ride"
"F",6.179,13.9,30266.9,162.5,"Ride"
"F",3.628,3.9,8054.8,168.6,"Run"
"F",8.781,18.2,31560.3,151.8,"Ride"
"F",3.054,4.6,10171.4,174,"Run"
"F",3.112,4.1,4988.6,171.9,"Run"
"F",6.03,16.4,53919.9,146.9,"Ride"
"F",6.228,10.9,18783.4,123.9,"Ride"
"F",7.889,15.8,57430.6,158,"Ride"
"F",3.848,5.1,1550.7,118.9,"Run"
"F",6.607,16.1,59334.6,129.9,"Ride"
"F",2.878,4.7,8642.2,156.9,"Run"
"F",5.78,15.2,25782.6,154.5,"Ride"
"F",5.03,11.6,20648.3,138.4,"Ride"
"F",2.689,3.5,12102.3,176.2,"Run"
"F",5.277,14.9,55338.7,185.3,"Ride"
"F",2.291,5,11763.3,151.3,"Run"
"F",2.203,3.1,5008.8,144.1,"Run"
"F",2.326,3.8,5811.5,141.9,"Run"
"F",7.769,9.9,37408,106.6,"Ride"
"F",2.809,4,10338.5,163.4,"Run"
"F",2.51,5,4435.5,146.3,"Run"
"F",5.293,7.5,39210.9,150.6,"Ride"
"F",3.019,3.7,1047.6,162.6,"Run"
"F",2.823,5,10227.8,162.1,"Run"
"F",2.857,3.5,4973.6,173.5,"Run"
"F",6.641,20.9,103419,152.2,"Ride"
"F",5.653,13.4,23802.9,144.6,"Ride"
"F",3.357,5,10015.1,162.1,"Run"
"F",6.073,14.6,75404.4,145.7,"Ride"
"F",5.234,11.4,33607.2,131.4,"Ride"
"F",9.374,13.4,35246.1,135.8,"Ride"
"F",5.935,9.6,28518.7,152.3,"Ride"
"F",8.32,12.3,23954.6,148.2,"Ride"
"F",3.001,13,7054.2,172.1,"Run"
"F",5.534,8.8,32302.6,88.7,"Ride"
"F",3.683,4.4,4010.7,187.6,"Run"
"F",2.203,3,4882.1,154.3,"Run"
"F",2.49,3.6,4280.1,117.9,"Run"
"F",6.433,8.6,54916.3,145.3,"Ride"
"F",2.493,3.5,11298.8,163.6,"Run"
"F",6.154,9.6,11864.6,143.6,"Ride"
"F",2.593,11.6,26175.4,148.5,"Ride"
"F",2.457,4.3,9359.3,158.9,"Run"
"F",0.394,4.8,2702.4,147.3,"Run"
"F",5.396,15.1,51064.2,128.2,"Ride"
"F",2.45,18.4,5673.9,167.7,"Run"
"F",7.465,11.9,59756.8,149,"Ride"
"F",6.719,14,121552,108.9,"Ride"
"F",6.83,13.2,12846.7,119.2,"Ride"
"F",2.953,4.1,3957.1,153.8,"Run"
"F",3.2,4,3440.1,165.7,"Run"
"F",6.563,9,19845,169.7,"Ride"
"F",5.893,9.5,12398.3,132.2,"Ride"
"F",2.399,2.5,5152.4,148.7,"Run"
"F",2.67,4.3,20773.5,149.2,"Run"
"F",4.351,6.8,10869.9,122.3,"Ride"
"F",5.724,9.8,20504.5,125.3,"Ride"
"F",1.962,4.5,5058.7,129.5,"Run"
"F",6.004,11.9,46190.5,162.4,"Ride"
"F",2.652,5.8,10306,179.6,"Run"
"F",7.847,13.7,61213.9,133.9,"Ride"
"F",6.642,8.4,9193,122.3,"Ride"
"F",2.796,4.3,5610.8,143.9,"Run"
"F",1.142,2.8,2838.1,94.6,"Run"
"F",2.437,30.8,42398,172.6,"Run"
"F",6.115,13.4,26356.4,139,"Ride"
"F",2.829,4.4,14005.7,155.3,"Run"
"F",3.9,5.1,7676,141.8,"Run"
"F",6.019,13,13994,124.9,"Ride"
"F",7.459,17.9,45636.9,156.8,"Ride"
"F",5.486,16,60016.7,129.3,"Ride"
"F",6.177,18.9,21169.6,145.9,"Ride"
"F",3.312,5.5,10976.5,158.8,"Run"
"F",4.714,14.8,39579,150,"Ride"
"F",7.228,15.9,57647,158.9,"Ride"
"F",2.444,3.1,9317.3,173.4,"Run"
"F",7.11,11.8,16617.1,138.8,"Ride"
"F",3.284,5.5,7828,157.8,"Run"
"F",6.859,10.5,44789.3,136.2,"Ride"
"F",2.631,4.1,2915.7,160.3,"Run"
"F",4.65,28,52474,99.7,"Ride"
"F",8.667,12.1,15609.4,140.7,"Ride"
"F",2.378,5,9743.5,162.2,"Run"
"F",2.776,4,8772,150.3,"Run"
"F",6.594,15.6,68684.9,153.5,"Ride"
"F",3.475,11.7,22092.6,125.7,"Ride"
"F",7.839,10.6,193380,136.4,"Ride"
"F",1.719,3.8,6520.7,111.7,"Run"
"F",4.689,12.3,56859.9,100.5,"Ride"
"F",3.641,11.8,21564.8,145.7,"Ride"
"F",6.546,9.3,36364.1,127.2,"Ride"
"F",8.581,20.3,82699.9,165,"Ride"
"F",4.974,11.2,30820.5,98.5,"Ride"
"F",6.009,11.3,22226.8,151.6,"Ride"
"F",3.717,4.4,3218.6,155.7,"Run"
"F",2.604,3.2,5225.5,145.6,"Run"
"F",6.559,13.7,35422.6,139.9,"Ride"
"F",3.037,7.3,12774,97,"Run"
"F",2.691,4.1,3043.4,142.6,"Run"
"F",2.878,4.9,6345.9,170.3,"Run"
"F",7.712,12.6,67430.1,149,"Ride"
"F",2.502,4.9,5035,165.6,"Run"
"F",6.272,11.1,77983.7,147.1,"Ride"
"F",1.717,2.8,6346.5,118.2,"Run"
"F",6.932,14.6,23055.9,143.8,"Ride"
"F",7.376,16.3,67716.7,156.3,"Ride"
"F",0.954,2.1,3217.6,77.9,"Run"
"F",2.508,3.2,4838.4,155.8,"Run"
"F",3.07,4.7,4942.3,149.6,"Run"
"F",2.344,3.5,5420.1,168.5,"Run"
"F",6.806,17.2,118651,139.1,"Ride"
"F",4.715,14.9,31139.1,113.6,"Run"
"F",3.84,6.1,6627.6,94.8,"Ride"
"F",2.877,3.2,5595.1,157.6,"Run"
"F",3.024,3.8,1067.6,169.6,"Run"
"F",6.536,8.7,6078.8,116.2,"Ride"
"F",3.293,13.607,83701.4,143,"Ride"
"F",7.084,9.8,50954.8,100.6,"Ride"
"F",5.037,7.3,17469.9,118.7,"Ride"
"F",2.241,2.9,5057.5,180,"Run"
"F",3.377,6.4,4835.4,173.4,"Run"
"F",7.419,13.1,53395.8,157.2,"Ride"
"F",2.643,4.8,8087.4,155.1,"Run"
"F",3.031,6.7,11292.3,142.5,"Run"
"F",6.969,12.7,49354.1,156.6,"Ride"
"F",2.838,3.8,8324.8,145.7,"Run"
"F",5.819,8.3,42815.7,144.1,"Ride"
"F",6.284,17.3,81142.3,126,"Ride"
"F",2.569,3.6,1801.2,88.5,"Ride"
"F",2.526,4.2,6755.8,156,"Run"
"F",2.879,5.8,8598.6,135.5,"Run"
"F",7.803,15.6,67249.1,145.6,"Ride"
"F",7.323,13.3,60545,152.4,"Ride"
"F",2.689,3.7,6075,147.8,"Run"
"F",1.946,13.4,5465.3,116,"Run"
"F",7.071,20.7,182270,127.5,"Ride"
"F",6.528,9.4,17872.6,146.1,"Ride"
"F",6.964,16.6,74880.1,134.1,"Ride"
"F",4.92,13,46580.9,104.8,"Ride"
"F",4.804,8,6692,147.7,"Ride"
"F",5.385,15.9,37203,86.1,"Ride"
"F",5.179,9.7,16738.9,162.1,"Ride"
"F",6.582,12.3,26276.5,145.4,"Ride"
"F",3.105,4.6,5610.1,180.9,"Run"
"F",2.691,4.4,12083.3,162.4,"Run"
"F",2.566,9.7,1570.1,124.3,"Run"
"F",2.611,7.2,10970.4,129.9,"Ride"
"F",7.732,13.4,16577.9,150.8,"Ride"
"F",5.337,10.1,22881,146.4,"Ride"
"F",4.979,8.5,5526.5,140.1,"Ride"
"F",6.427,18.7,58240.4,147.2,"Ride"
"F",8.185,13.1,16836.1,151.2,"Ride"
"F",1.837,3.8,12331.7,144.8,"Run"
"F",4.715,13.8,75199.8,129.9,"Ride"
"F",5.928,7.6,14416.6,141.9,"Ride"
"F",3.407,5.6,9949.6,159.9,"Ride"
"F",2.845,4.1,4899.8,134.9,"Run"
"F",6.409,12.3,25682.2,130.1,"Ride"
"F",7.736,11.7,20354.7,141.8,"Ride"
"F",4.936,22.5,83053.8,147.8,"Ride"
"F",2.966,8.7,8149.7,137.8,"Run"
"F",2.375,5.9,13397.7,151.8,"Run"
"F",2.937,7.2,2470,150,"Ride"
"F",2.758,3.6,1014.9,138.2,"Run"
"F",5.149,16.9,21872.8,113.7,"Ride"
"F",2.067,2.8,5781,139.9,"Run"
"F",6.597,11.3,24051.8,136,"Ride"
"F",2.775,5.1,7454.5,130.9,"Run"
"F",4.565,11,16383,132.8,"Ride"
"F",2.589,3.2,5408.6,130.6,"Run"
"F",2.631,3.4,4894,152.6,"Run"
"F",2.919,5.6,4599.8,145,"Run"
"F",8.928,11.9,24106.5,161.9,"Ride"
"F",4.905,10.5,7941.2,113.8,"Ride"
"F",3.054,4.6,10171.4,174,"Run"
"F",3.42,7.9,13718.7,148.2,"Run"
"F",5.292,15.1,73723.1,145.2,"Ride"
"F",2.652,5.8,10306,179.6,"Run"
"F",3.247,4.9,2889.4,146.4,"Run"
"F",3.243,4.6,5253.2,141,"Run"
"F",5.603,8.6,3484.9,141.6,"Ride"
"F",2.448,3.6,4404.8,137.3,"Run"
"F",7.105,14.2,24568.3,145,"Ride"
"F",6.924,19.1,63048.4,138.3,"Ride"
"F",1.745,2.8,6500.3,128,"Run"
"F",4.996,5.5,36255.3,129.3,"Ride"
"F",6.92,11.8,29872.6,127.2,"Ride"
"F",6.871,17.2,47329.9,137.7,"Ride"
"F",2.689,3.5,12102.3,176.2,"Run"
"F",3.004,4.8,4001.6,173.1,"Run"
"F",6.729,12.5,25880.2,114.8,"Ride"
"F",6.087,14.2,22389.4,155.2,"Ride"
"F",3.344,6.8,17972.3,177.2,"Run"
"F",7.848,16.4,27876.6,146.1,"Ride"
"F",7.101,11.9,64684.9,111.1,"Ride"
"F",3.304,8.7,15633.9,133.5,"Ride"
"F",2.71,5,12171.6,130,"Run"
"F",1.938,4.4,8395.6,126,"Run"
"F",6.762,13.8,61763.7,134.1,"Ride"
"F",1.788,3,4496.3,118.4,"Run"
"F",2.416,2.7,10697.6,126.1,"Run"
"F",7.923,15.5,100023,140.5,"Ride"
"F",6.065,7.6,27292.4,137.1,"Ride"
"F",2.073,5.7,15583.9,96.6,"Run"
"F",7,9.4,16211,156.8,"Ride"
"F",7.465,16.6,104759,142.2,"Ride"
"F",2.62,4.9,41032.9,75.1,"Run"
"F",2.173,5.3,3009.3,120.4,"Run"
"F",2.078,4.7,18.7,65.8,"Ride"
"F",6.713,11.6,58942,139.1,"Ride"
"F",3.797,5.6,12056.7,179.9,"Run"
"F",3.278,4.1,1934.2,175.5,"Run"
"F",2.043,3.2,5951.7,134.1,"Run"
"F",2.809,5.1,8006.2,171.7,"Run"
"F",2.509,4.3,7592.4,136.9,"Run"
"F",2.948,5,10021.1,159.6,"Run"
"F",6.352,13.2,2788.7,138.9,"Ride"
"F",3.261,4.1,11277.1,156.7,"Run"
"F",0.864,3.5,2696.1,130.7,"Run"
"F",7.696,14.3,68933.9,137.4,"Ride"
"F",2.566,9.7,1570.1,124.3,"Run"
"F",3.502,15.9,29652.1,121.3,"Ride"
"F",3.245,6,11816.5,152.1,"Run"
"F",11.151,19,77490.7,169.6,"Ride"
"F",4.851,15,54665,149.9,"Ride"
"F",3.216,3.9,3280.3,152,"Run"
"F",2.741,5.7,6837.3,164.3,"Run"
"F",7.6,20.9,45060.5,120.1,"Ride"
"F",6.771,8.2,3602,109.8,"Ride"
"F",6.959,15.1,91301.1,142.7,"Ride"
"F",7.23,8.6,1641.1,145,"Ride"
"F",7.741,8.7,13940.9,134.2,"Ride"
"F",7.779,13.6,33976.5,149.9,"Ride"
"F",9.024,16.1,61264.8,143.5,"Ride"
"F",7.532,11,80991.1,142.8,"Ride"
"F",2.219,5.4,3805,137.4,"Run"
"F",6.067,20.6,19312.1,124,"Ride"
"F",5.016,14.4,22615.6,51.1,"Ride"
"F",2.519,3,6438.1,110.9,"Run"
"F",0.558,3.6,40.7,127.3,"Run"
"F",6.524,8.8,61006.6,139.5,"Ride"
"F",6.897,13.1,116348,141.1,"Ride"
"F",5.011,19.5,29577.3,145,"Ride"
"F",2.966,7.5,16061.8,129.9,"Ride"
"F",3.138,3.5,12879.8,168.8,"Run"
"F",6.753,17.2,37551.8,167.8,"Ride"
"F",2.301,8.9,1573.6,82.5,"Ride"
"F",1.533,2.9,1541.7,96.7,"Run"
"F",2.464,4.6,6446.9,106.2,"Run"
"F",9.222,13.8,76693.6,135.7,"Ride"
"F",3.012,4.4,9400.6,171.1,"Run"
"F",6.137,14.9,20331.9,110,"Ride"
"F",5.802,15,22072.4,155.7,"Ride"
"F",2.647,3.9,1582.7,163.6,"Run"
"F",4.966,13.5,25195,156,"Ride"
"F",2.462,3.8,8489.1,129.7,"Run"
"F",5.462,13.9,36202.7,142.1,"Ride"
"F",6.433,8.6,54916.3,145.3,"Ride"
"F",3.867,11.6,33821,169.1,"Ride"
"F",2.095,3.1,5684.5,126.1,"Run"
"F",8.308,17.6,41987.7,136.1,"Ride"
"F",0.003,5.5,6092.1,171.7,"Run"
"F",7.235,14.983,63339,128.1,"Ride"
"F",3.792,4.6,19516.1,165.9,"Run"
"F",8.221,16,76616.9,151,"Ride"
"F",2.933,5,15574.1,129.2,"Run"
"F",2.803,4.1,8088.9,159.9,"Run"
"F",6.132,9.3,34209.7,136.6,"Ride"
"F",4.692,13.7,25052,126.7,"Ride"
"F",1.891,2.9,1875.9,147.9,"Run"
"F",7.621,15.4,95739.6,151.5,"Ride"
"F",5.719,11.3,23088.2,129,"Ride"
"F",2.682,3.7,7253.7,135.5,"Run"
"F",3.165,4.4,6482.3,161.8,"Run"
"F",5.054,6.3,52180.5,135.1,"Ride"
"F",3.221,13.9,38055.4,137.4,"Ride"
"F",3.162,4.1,5071.4,160.1,"Run"
"F",6.084,11.9,27266.5,114.3,"Ride"
"F",3.262,5,858,117.8,"Ride"
"F",6.275,17.8,53784.4,162.4,"Ride"
"F",9.381,13.5,38604.4,168.4,"Ride"
"F",7.034,16,59222.1,126.1,"Ride"
"F",3.064,3.8,16101.2,162,"Run"
"F",7.28,14.8,48215.5,151.9,"Ride"
"F",3.109,7.2,11274.6,146.2,"Run"
"F",7.298,9.2,32329.9,132.2,"Ride"
"F",2.397,4.7,4859.7,166,"Run"
"F",3.022,10.9,21580,151.2,"Ride"
"F",2.543,3.2,7449.9,142.1,"Run"
"F",2.974,4.5,6460,158.3,"Run"
"F",6.872,12.3,28711.1,145.8,"Ride"
"F",2.435,4.2,8458.3,148.5,"Run"
"F",7.298,9.2,32329.9,132.2,"Ride"
"F",2.36,3.1,8995.8,162.5,"Run"
"F",5.213,10.5,20038.3,121.4,"Ride"
"F",1.65,2.4,5800.9,102.2,"Run"
"F",8.002,10.9,12835.9,150.1,"Ride"
"F",3.719,11.5,31287.5,143.3,"Ride"
"F",9.029,18,39050.2,157.9,"Ride"
"F",2.56,3.1,2734.6,163.6,"Run"
"F",2.71,3.5,12005.7,165.9,"Run"
"F",5.779,10.2,5235.4,173.1,"Ride"
"F",8.148,15.3,62521.6,164.4,"Ride"
"F",6.799,12.2,16712,143.7,"Ride"
"F",4.773,5.9,6457.8,93.9,"Ride"
"F",2.861,4,10009.2,187.3,"Run"
"F",1.473,5.1,5853.8,160.8,"Run"
"F",2.791,6,6654.2,144.2,"Run"
"F",2.355,3.1,24209.9,135.9,"Run"
"F",3.529,8.2,1411.6,96.8,"Ride"
"F",7.094,12.6,42697.2,109.9,"Ride"
"F",2.742,4,7407,150,"Run"
"F",3.359,4.7,4840.8,161.9,"Run"
"F",2.226,27.1,4056.1,124.9,"Run"
"F",2.701,8.1,10486.1,151.8,"Run"
"F",7.025,15.8,46427.4,142.5,"Ride"
"F",8.814,10.1,16375.9,52.7,"Ride"
"F",2.724,5.7,4331.6,152.6,"Run"
"F",7.365,17.5,87592.9,138,"Ride"
"F",5.735,12.3,22532.7,117.9,"Ride"
"F",7.435,12,43529.8,156.2,"Ride"
"F",6.935,10.6,53256.3,152.7,"Ride"
"F",8.351,14,12567.8,127.9,"Ride"
"F",2.912,3.5,1362.9,135,"Run"
"F",0.862,4.2,6947.6,64,"Ride"
"F",2.629,3.6,10200.3,172.2,"Run"
"F",2.894,4.6,9136.4,177.3,"Run"
"F",2.426,4.2,4821.4,134.4,"Run"
"F",6.102,13.4,36875.6,148.3,"Ride"
"M",2.891,5.8,24811.6,130.8,"Run"
"M",7.925,17.5,30011.3,138.3,"Ride"
"M",5.815,11.8,28061.4,115.6,"Ride"
"M",7.631,15,56540.3,147,"Ride"
"M",9.001,15.5,45402.2,155.1,"Ride"
"M",7.757,14.3,79955.9,170.1,"Ride"
"M",5.591,12.9,17280.4,145.1,"Ride"
"M",3.087,5.3,10114.3,147.3,"Run"
"M",3.536,9.5,11971.5,146,"Ride"
"M",7.096,19.2,122378,125.2,"Ride"
"M",7.496,17.4,33965,135.5,"Ride"
"M",4.844,15,9241.4,129.3,"Ride"
"M",3.611,5.6,12029,150.6,"Run"
"M",3.165,4.6,14709.2,175,"Run"
"M",7.374,15.1,36242.2,147.3,"Ride"
"M",4.867,5.3,837.1,143.8,"Run"
"M",3.228,6.7,9457.1,150.8,"Run"
"M",6.104,19.3,35113.5,128,"Ride"
"M",3.318,9,8630.8,100.1,"Ride"
"M",8.107,13.2,70276.1,133.2,"Ride"
"M",3.196,4.2,7749.9,146.7,"Run"
"M",7.728,17.3,117787,148.2,"Ride"
"M",6.894,11.9,42707.2,151.6,"Ride"
"M",5.643,14.6,23679.9,122.4,"Ride"
"M",2.905,3.7,8317.7,156.8,"Run"
"M",3.543,4.9,11340.8,140.5,"Run"
"M",5.625,11.9,3172.3,98.7,"Ride"
"M",6.738,14.3,30858.4,143.5,"Ride"
"M",0.173,1.9,277.1,101.1,"Run"
"M",9.232,18,13866.7,171,"Ride"
"M",6.519,14,129575,128.6,"Ride"
"M",8.443,24.3,170997,164.6,"Ride"
"M",6.718,9,24183.5,124.6,"Ride"
"M",7.594,13.2,22120.4,118.6,"Ride"
"M",6.97,16.3,89737.2,136.6,"Ride"
"M",2.853,4.2,4736.1,146,"Run"
"M",3.338,7,6956.6,82.8,"Ride"
"M",2.866,3.6,478.6,143.5,"Run"
"M",8.304,14.5,36754.3,151,"Ride"
"M",8.323,16,91316,131.6,"Ride"
"M",5.399,7,507.5,122.2,"Ride"
"M",10.927,15.1,40191.2,135.5,"Ride"
"M",3.413,5.1,15428.3,164.4,"Run"
"M",3.584,15.3,16742.8,145.9,"Ride"
"M",7.521,15.5,38431.9,153.3,"Ride"
"M",3.776,12.8,19989.6,120.5,"Ride"
"M",3.738,6.7,15858.4,150,"Run"
"M",8.745,13.1,86278.6,146.7,"Ride"
"M",3.412,4.2,3244.5,148.5,"Run"
"M",6.171,8.5,42397.1,143.4,"Ride"
"M",6.886,12.4,46246.7,151.4,"Ride"
"M",7.117,15,37764.8,167,"Ride"
"M",4.381,14.1,11373.4,106.9,"Ride"
"M",0.183,1.3,35.5,115.9,"Run"
"M",8.084,17.1,89073.4,133.7,"Ride"
"M",8.105,12.5,24493,151.6,"Ride"
"M",9.708,16.7,70896.4,141.4,"Ride"
"M",8.489,13.2,80334,139.5,"Ride"
"M",8.642,13.4,85184,136.6,"Ride"
"M",6.964,15.8,26830.8,122.6,"Ride"
"M",5.86,12.8,61115.9,142.3,"Ride"
"M",2.34,3.3,5187.4,119.5,"Run"
"M",6.867,14.3,36142.7,135.7,"Ride"
"M",4.706,6.5,4353.2,108.6,"Ride"
"M",8.358,17.1,49556.6,160.1,"Ride"
"M",2.129,6.6,5549.1,141.1,"Run"
"M",7.468,13.2,42529.8,156,"Ride"
"M",7.232,16,30996.3,149.2,"Ride"
"M",6.936,9.8,12512.3,113.9,"Ride"
"M",2.037,10.5,5338,117.5,"Ride"
"M",11.43,16.6,57242.9,161.5,"Ride"
"M",7.518,15.5,73085.8,130.5,"Ride"
"M",2.93,3.6,1005,123.6,"Run"
"M",7.997,13,53714,147.2,"Ride"
"M",7.701,17.9,71487.1,163.9,"Ride"
"M",9.822,15.9,48678.3,148.2,"Ride"
"M",6.786,11.2,61008.5,112.2,"Ride"
"M",5.749,12.3,2242.1,94,"Ride"
"M",3.137,16.7,21632.7,103.6,"Ride"
"M",8.585,11.4,71794,143.3,"Ride"
"M",8.212,21.802,72991.9,148.8,"Ride"
"M",7.775,12.7,12649.3,127.7,"Ride"
"M",10.067,15.3,44184.4,173.5,"Ride"
"M",8.157,11.4,19585.3,138,"Ride"
"M",7.1,15.3,49852.5,117.9,"Ride"
"M",3.426,4.7,7831.9,149.7,"Run"
"M",3.179,4,5009.5,164.5,"Run"
"M",5.418,6.3,8734.4,37.1,"Ride"
"M",7.783,13.2,33575.2,144.5,"Ride"
"M",3.193,3.7,10081.5,143.6,"Run"
"M",8.141,15.4,96929.4,172.9,"Ride"
"M",8.306,22.8,144820,155.5,"Ride"
"M",4.459,8.2,8713.8,140,"Ride"
"M",2.646,11.8,23502.1,114.6,"Ride"
"M",5.977,16.2,16526.7,133.3,"Ride"
"M",3.364,6.1,16825.5,146.2,"Run"
"M",3.718,6.7,15281.3,150,"Run"
"M",8.644,13.2,2066,130.4,"Ride"
"M",7.503,17.7,40328.3,142.8,"Ride"
"M",6.774,16.2,99628.4,149.4,"Ride"
"M",3.198,4.9,21627,156.5,"Run"
"M",2.945,3.8,5250.9,158.7,"Run"
"M",2.47,4.5,2652.3,135.7,"Run"
"M",3.796,5,19831.9,144,"Run"
"M",5.787,12.1,10427.3,140.4,"Ride"
"M",2.856,4.9,6463,146.2,"Run"
"M",3.956,21.5,48497.1,144.8,"Ride"
"M",6.652,16.4,21013.2,126.4,"Ride"
"M",3.038,3.9,3216.8,160.4,"Run"
"M",3.362,4.9,8062.9,169.6,"Run"
"M",7.095,11.7,40550.5,120.9,"Ride"
"M",7.703,14.5,18779,145.8,"Ride"
"M",7.936,11.2,18888.5,122.7,"Ride"
"M",8.077,16.5,31153.6,163.1,"Ride"
"M",5.982,14.4,22372.8,156.3,"Ride"
"M",2.93,5.6,4503.5,136,"Run"
"M",8.702,19.4,29281.5,133.6,"Ride"
"M",6.35,13.6,49041.8,161.6,"Ride"
"M",6.346,14.7,39422.2,113.9,"Ride"
"M",7.651,15.3,71738.4,130.4,"Ride"
"M",7.855,16,40217.3,154.5,"Ride"
"M",3.857,3.9,54,71,"Ride"
"M",4.103,12.5,23336.7,143.4,"Ride"
"M",3.794,14,31755.6,149.8,"Ride"
"M",5.953,11.6,21460.4,124.5,"Ride"
"M",8.097,15.6,80825.2,134.9,"Ride"
"M",3.729,14.1,1502.8,139.6,"Ride"
"M",8.193,14.5,51725.1,132.4,"Ride"
"M",7.882,10.7,7590.2,130,"Ride"
"M",3.981,15.9,44136.2,142,"Ride"
"M",6.821,16.4,33040.2,140,"Ride"
"M",3.142,4.8,1637.1,149.7,"Run"
"M",7.655,13.5,57939.1,142.1,"Ride"
"M",8.435,16.4,39089,150.8,"Ride"
"M",7.282,16.8,110991,136,"Ride"
"M",4.576,11.3,16607.7,138.9,"Ride"
"M",6.174,10.3,142185,108.5,"Ride"
"M",4.411,6.2,5888.2,163.2,"Run"
"M",8.358,14.8,106291,166.1,"Ride"
"M",7.84,10.8,21332.1,139.2,"Ride"
"M",6.625,11.3,76045.8,134.7,"Ride"
"M",5.678,16,12195.6,105.3,"Ride"
"M",7.518,11.1,61077,142.7,"Ride"
"M",2.96,3.9,3344.8,174.5,"Run"
"M",7.884,19.803,65382.6,140.6,"Ride"
"M",6.725,15.3,32366.8,125.8,"Ride"
"M",4.832,7.1,11621.6,124.5,"Ride"
"M",6.572,12.9,35074.9,147.4,"Ride"
"M",5.684,14.7,34618.3,132.3,"Ride"
"M",7.352,18.3,67691.4,156.8,"Ride"
"M",7.699,12,18731.2,142.8,"Ride"
"M",2.756,4.7,15724.4,137.9,"Run"
"M",1.896,3.9,9692.8,141.7,"Run"
"M",3.989,5.2,8329.4,164.1,"Run"
"M",2.719,8.9,3542.7,167,"Run"
"M",6.064,14,29233,156.4,"Ride"
"M",3.162,16.1,39527.8,138.5,"Ride"
"M",7.91,16.1,78610,134.5,"Ride"
"M",5.838,14.6,81556.5,150,"Ride"
"M",6.52,17.7,59798.5,126.4,"Ride"
"M",5.672,16.8,48252.3,134.2,"Ride"
"M",5.092,10.4,55842.3,142,"Ride"
"M",4.541,6.2,11025.2,139.5,"Run"
"M",2.965,5.5,10631.9,148,"Run"
"M",2.713,8.8,32439.2,162.8,"Run"
"M",2.766,4.5,3308.6,155.3,"Run"
"M",3.417,4.8,12065.6,152.3,"Run"
"M",2.76,4.1,9939.8,135.1,"Run"
"M",8.679,17.3,70140.3,140.1,"Ride"
"M",6.696,13.2,57746.7,121.3,"Ride"
"M",6.423,16,45521.3,149.3,"Ride"
"M",7.327,15.6,122193,147.4,"Ride"
"M",3.067,4.2,11492.8,155.9,"Run"
"M",9.586,12.7,24138.3,129.1,"Ride"
"M",4.723,9.4,10871.8,138.1,"Ride"
"M",6.269,11.7,5153.3,137.1,"Ride"
"M",8.327,13.6,37470.8,136.9,"Ride"
"M",8.249,13.813,21091.7,132.6,"Ride"
"M",2.252,6.8,10627.6,143.1,"Run"
"M",3.487,5.9,9952,147.5,"Run"
"M",2.711,3.2,10311.4,163,"Run"
"M",5.774,10.5,41893.8,120.3,"Ride"
"M",3.338,12.7,22129.3,127.3,"Ride"
"M",8.014,15,81239.1,134.3,"Ride"
"M",7.289,18,8280.5,159.6,"Ride"
"M",4.569,15.5,82068.2,161.7,"Ride"
"M",6.221,16,24872,127.2,"Ride"
"M",8.03,10.3,57814.9,148.4,"Ride"
"M",7.887,16.4,85006.4,119.2,"Ride"
"M",7.375,12.6,22125.9,134.5,"Ride"
"M",5.823,13.1,29051.5,121.8,"Ride"
"M",6.803,9.3,14074.6,103.1,"Ride"
"M",7.397,13.1,22426.2,126.5,"Ride"
"M",3.119,4.5,4928.5,157.2,"Run"
"M",7.253,15.2,28424.6,145.5,"Ride"
"M",6.644,11.6,26521,141.1,"Ride"
"M",6.336,9,3807.8,147.7,"Ride"
"M",7.274,10.3,22112.3,132.7,"Ride"
"M",6.189,10.8,37183.6,131.8,"Ride"
"M",6.4,7.6,23045,121.8,"Ride"
"M",7.467,11.9,36782.1,148.5,"Ride"
"M",5.642,12.6,57098.6,144.3,"Ride"
"M",8.329,13,24771.9,150.7,"Ride"
"M",3.947,5.8,2111.9,131.7,"Ride"
"M",7.026,14.2,31061.7,155,"Ride"
"M",6.952,18.1,86378.1,119.1,"Ride"
"M",3.843,12.9,23932.3,128.2,"Ride"
"M",4.627,11.1,7014.8,143,"Ride"
"M",6.705,14,78576.4,124.8,"Ride"
"M",3.01,12.3,11075.5,140.8,"Run"
"M",2.961,4.4,10306.8,144.7,"Run"
"M",2.569,3.3,5132.7,160.5,"Run"
"M",3.24,3.8,8755.8,113.9,"Run"
"M",3.02,3.8,4026.2,130.3,"Run"
"M",8.13,14.4,53462,134.3,"Ride"
"M",6.652,14.7,46835.7,145.3,"Ride"
"M",4.03,10.1,28364.1,141.3,"Ride"
"M",3.056,4.6,16261.1,146.9,"Run"
"M",8.019,14.6,51053.9,147.7,"Ride"
"M",4.069,7.9,16763.2,91.7,"Ride"
"M",2.848,3.7,11191.7,159.1,"Run"
"M",3.905,5.5,1132.5,133.8,"Ride"
"M",8.263,10,30309.8,145.6,"Ride"
"M",3.137,6.4,6417.8,156.2,"Run"
"M",8.506,14.9,74449.8,148.8,"Ride"
"M",7.621,15.5,24220.4,106.8,"Ride"
"M",7.117,15.3,114521,149.7,"Ride"
"M",8.375,14.2,38440.1,166.8,"Ride"
"M",2.847,4.9,11930.7,148.7,"Run"
"M",3.26,5.4,13176.6,149.5,"Run"
"M",7.38,17.5,45559.1,141.6,"Ride"
"M",8.428,15.6,26631.2,162.6,"Ride"
"M",6.574,15.5,68174.7,144.3,"Ride"
"M",8.397,13.2,31623.2,132.7,"Ride"
"M",8.316,10.2,33972.9,108.2,"Ride"
"M",2.721,3.4,12883.9,143.9,"Run"
"M",7.513,12.9,34049.6,129.3,"Ride"
"M",3.24,4.4,20481.8,151.5,"Run"
"M",8.378,11,18095.4,133.5,"Ride"
"M",6.349,15.3,21884.4,109.6,"Ride"
"M",6.769,15.8,43988.2,154,"Ride"
"M",8.842,14.8,54491.9,127.9,"Ride"
"M",5.496,16.7,43119.1,147.7,"Ride"
"M",7.997,16.6,29828.1,128.6,"Ride"
"M",9.249,16.8,69559.8,147.1,"Ride"
"M",7.493,12.9,52497.8,136.8,"Ride"
"M",6.588,18.1,54499,134.3,"Ride"
"M",1.871,6.1,1904.8,102.5,"Ride"
"M",2.338,8.1,5895.2,181.7,"Ride"
"M",5.023,13,50223.4,160.8,"Ride"
"M",11.1,19.2,64478.6,160,"Ride"
"M",4.853,13.6,18733.2,119.3,"Ride"
"M",3.424,6.6,24128.9,149.2,"Run"
"M",4.49,13.2,50436.6,158,"Ride"
"M",3.382,4.5,17605.3,149.5,"Run"
"M",7.082,18.4,129072,143.3,"Ride"
"M",3.036,4.4,10129.6,166.5,"Run"
"M",7.734,20.7,82509,150.3,"Ride"
"M",2.486,10.9,32504.1,130,"Ride"
"M",2.461,3.8,6832.9,151.4,"Run"
"M",8.564,17.7,72560.5,126.3,"Ride"
"M",3.663,5.2,21283.1,166.9,"Run"
"M",1.982,3.8,9186.7,167.7,"Run"
"M",2.892,4.7,5225.1,135.3,"Run"
"M",6.771,13,22825.2,121.3,"Ride"
"M",2.892,5.7,7086.5,140.2,"Run"
"M",3.342,5.7,4525.3,149.9,"Run"
"M",9.382,16.5,49686,138.1,"Ride"
"M",3.473,5,35203.9,140.1,"Run"
"M",2.663,3.9,8253.8,120.6,"Run"
"M",2.2,3.6,6435.4,148.2,"Run"
"M",3.32,7.5,12547.4,147.8,"Run"
"M",7.993,10.8,66241,153.7,"Ride"
"M",2.794,4.6,6631.8,148.7,"Run"
"M",4.156,16,15654.5,161.7,"Ride"
"M",8.124,19.2,38084.5,146.9,"Ride"
"M",3.505,8.4,20583,129.1,"Run"
"M",8.022,19.8,75880.8,148.8,"Ride"
"M",7.453,12.6,198252,133.9,"Ride"
"M",0.267,3.5,694.1,125.5,"Ride"
"M",3.506,9.7,14820.7,159.5,"Run"
"M",7.745,9.2,41862,129.6,"Ride"
"M",6.793,13.5,65678.6,130.8,"Ride"
"M",6.984,12.8,18151.4,119.2,"Ride"
"M",7.215,23.4,119934,119.2,"Ride"
"M",2.447,9.7,11761,153.4,"Ride"
"M",7.732,17.2,132327,143.2,"Ride"
"M",3.51,5.5,14194,141.7,"Run"
"M",4.97,14.8,37378.9,138.3,"Ride"
"M",6.639,21.8,48092.9,155.3,"Ride"
"M",2.881,4.3,6042.5,184.5,"Run"
"M",6.124,13.3,30098.9,144.8,"Ride"
"M",11.404,15,30802.9,137.2,"Ride"
"M",7.773,11.6,28115.3,132.8,"Ride"
"M",8.037,13.5,56028.2,105.5,"Ride"
"M",6.747,18.2,45511.7,136.7,"Ride"
"M",8.364,13.6,35336.5,150.4,"Ride"
"M",2.929,3.8,9760.8,146.2,"Run"
"M",8.975,12.6,48464.2,146.8,"Ride"
"M",7.38,11.5,29541.1,143.6,"Ride"
"M",5.978,18.3,120824,132.2,"Ride"
"M",7.906,14,44349.9,106.2,"Ride"
"M",5.984,13.6,29763.7,150.6,"Ride"
"M",7.18,9.3,48415.5,127.8,"Ride"
"M",6.747,13,25138.2,142.1,"Ride"
"M",8.155,18.3,115856,161.9,"Ride"
"M",7.155,15.3,94852.3,152.9,"Ride"
"M",10.396,13.2,38422.7,150.8,"Ride"
"M",6.146,11.7,33653.7,133.5,"Ride"
"M",6.652,16.9,52534.6,141.1,"Ride"
"M",8.19,11.6,23446.9,146.1,"Ride"
"M",7.67,15.7,18039.7,163.9,"Ride"
"M",3.559,4,2345.5,116.1,"Run"
"M",3.228,5.9,12364.7,177.1,"Run"
"M",7.124,12.4,50507.4,151.3,"Ride"
"M",9.885,19.5,83466.8,169.4,"Ride"
"M",2.783,6.1,7071.8,141.3,"Run"
"M",2.962,4.6,10059.5,161.5,"Run"
"M",3.213,3.7,2892.1,138,"Run"
"M",7.715,13.9,72347.8,129.4,"Ride"
"M",6.964,14.9,37391.5,136.5,"Ride"
"M",7.526,11.4,52425.7,123.3,"Ride"
"M",2.113,2.8,1233.9,150.1,"Run"
"M",4.878,7.4,3404.5,108.7,"Ride"
"M",3.569,5.2,12531.6,161.6,"Run"
"M",3.624,6.8,4834.2,150.1,"Run"
"M",2.1,3.7,6056.4,147.7,"Run"
"M",1.758,3.1,8450.8,96.5,"Run"
"M",6.505,16.5,55984.8,160,"Ride"
"M",8.277,15.5,17688.5,143,"Ride"
"M",3.124,3.3,8850.2,142.3,"Run"
"M",7.99,11.3,25095.6,135.1,"Ride"
"M",2.827,4.8,10297.3,142.6,"Run"
"M",6.115,13.9,44796,132.5,"Ride"
"M",8.714,18,77054.6,143.4,"Ride"
"M",3.372,5.4,9421.7,146.5,"Run"
"M",2.752,4.9,6096.4,157.3,"Run"
"M",9.295,12.3,33480.3,137.2,"Ride"
"M",3.25,6.9,9018.1,155.1,"Run"
"M",6.969,18.7,31905.8,146.3,"Ride"
"M",2.626,7.3,4724.2,135.3,"Run"
"M",3.47,6.3,8133.9,146.1,"Run"
"M",6.912,16.7,48297.1,131.7,"Ride"
"M",2.325,7.1,20551.9,115.2,"Run"
"M",3.183,4.3,8547.6,169.7,"Run"
"M",2.241,4.2,7093.6,117.9,"Run"
"M",2.675,3.2,7666.8,146.3,"Run"
"M",7.133,12.4,80636.5,135.6,"Ride"
"M",3.104,4.5,9767.6,143.8,"Run"
"M",8.021,15,38100.5,154.8,"Ride"
"M",9.98,11.8,68660.2,147.1,"Ride"
"M",8.166,12.5,23002.5,136.3,"Ride"
"M",2.843,3.8,2709.5,156.5,"Run"
"M",3.416,4.4,7696.1,154.7,"Run"
"M",2.915,3.6,11623.2,117.5,"Run"
"M",8.984,14,53646,146.9,"Ride"
"M",8.241,15.3,77449,160.1,"Ride"
"M",8.019,11.9,47423.8,122.2,"Ride"
"M",6.26,14.5,23968.8,147.8,"Ride"
"M",7.365,12.3,53001.2,149.4,"Ride"
"M",2.267,4.1,8110.9,138.9,"Run"
"M",8.196,13.2,59550.2,145.9,"Ride"
"M",9.614,12.9,76365,143.7,"Ride"
"M",7.627,12.8,8687.5,102.7,"Ride"
"M",3.867,5.1,5007.3,155.5,"Run"
"M",5.903,14.4,31292.7,140.9,"Ride"
"M",7.703,14.5,18779,145.8,"Ride"
"M",5.22,11.9,25935.4,143.8,"Ride"
"M",4.815,15.593,30216.1,122.9,"Ride"
"M",7.37,16.6,88448.8,133.4,"Ride"
"M",4.355,11.8,22909.5,130.7,"Ride"
"M",6.29,14.7,32079,111.5,"Ride"
"M",6.593,10.3,24630.6,125.8,"Ride"
"M",3.798,7.2,11683.2,150.1,"Run"
"M",9.046,14.6,62896.3,122,"Ride"
"M",3.753,10.3,23938.3,151.7,"Ride"
"M",3.263,4.8,9978.2,143,"Run"
"M",9.062,19.9,24468.6,138.6,"Ride"
"M",8.084,9.3,40749.3,143.3,"Ride"
"M",8.025,14.7,47024.8,117.5,"Ride"
"M",2.235,4.4,11425,152,"Run"
"M",7.371,13.2,55570.2,148.6,"Ride"
"M",3.28,5.4,5257.6,138,"Run"
"M",1.506,3.4,7176.9,110,"Run"
"M",1.261,3.2,2717.1,164.4,"Run"
"M",7.975,18.5,57874.5,133.7,"Ride"
"M",2.964,4.7,11056.3,112.7,"Run"
"M",7.322,13.2,87223.8,126.1,"Ride"
"M",8.495,10.6,23387.2,141.3,"Ride"
"M",4.474,12.7,29964.4,145.2,"Ride"
"M",6.679,15.2,38403,131.7,"Ride"
"M",7.452,12.9,120016,146.9,"Ride"
"M",7.664,15.1,111514,133.3,"Ride"
"M",7.525,14.9,61504,113.7,"Ride"
"M",7.376,17.1,31349.2,145.4,"Ride"
"M",3.337,5.1,6306.5,161.7,"Run"
"M",6.302,15.8,66454.1,118.8,"Ride"
"M",8.368,14.2,52886.7,124.3,"Ride"
"M",6.749,15.3,19146,138,"Ride"
"M",2.812,7.5,7714.1,159.2,"Run"
