"athlete.sex","average_speed","max_speed","distance","average_heartrate","type"
"F",2.958,4.2,5010.9,172.9,"Run"
"F",2.894,4.6,9136.4,177.3,"Run"
"F",1.745,2.8,6500.3,128,"Run"
"F",3.054,4.6,10171.4,174,"Run"
"F",1.837,3.8,12331.7,144.8,"Run"
"F",2.435,4.2,8458.3,148.5,"Run"
"F",3.105,4.6,5610.1,180.9,"Run"
"F",1.367,3.5,2204.1,140.4,"Run"
"F",2.691,4.4,12083.3,162.4,"Run"
"F",2.861,4,10009.2,187.3,"Run"
"F",2.173,5.3,3009.3,120.4,"Run"
"F",2.57,3.4,18982.3,159.1,"Run"
"F",2.36,3.1,8995.8,162.5,"Run"
"F",2.49,3.6,4280.1,117.9,"Run"
"F",2.444,3.1,9317.3,173.4,"Run"
"F",2.689,3.7,6075,147.8,"Run"
"F",0.864,3.5,2696.1,130.7,"Run"
"F",2.782,5.4,3344.5,146.6,"Run"
"F",2.508,3.2,4838.4,155.8,"Run"
"F",2.737,3.6,8771.9,163.2,"Run"
"F",2.462,3.8,8489.1,129.7,"Run"
"F",3.247,4.9,2889.4,146.4,"Run"
"F",2.067,2.8,5781,139.9,"Run"
"F",2.919,5.6,4599.8,145,"Run"
"F",3.377,6.4,4835.4,173.4,"Run"
"F",2.796,4.3,5610.8,143.9,"Run"
"F",1.807,3.8,3228.7,115.1,"Run"
"F",3.084,3.7,8371.3,152.5,"Run"
"F",2.955,5.8,1507,140.1,"Run"
"F",2.67,3.7,6429.8,164.6,"Run"
"F",2.566,9.7,1570.1,124.3,"Run"
"F",3.628,3.9,8054.8,168.6,"Run"
"F",3.164,4.3,2534.5,147.3,"Run"
"F",2.345,3.1,6666,143.4,"Run"
"F",2.561,3.7,9761.6,162.8,"Run"
"F",2.565,3.9,10666.1,106.4,"Run"
"F",2.751,3.6,6120.5,155.4,"Run"
"F",2.879,5.8,8598.6,135.5,"Run"
"F",3.138,3.5,12879.8,168.8,"Run"
"F",3.284,5.5,7828,157.8,"Run"
"F",2.682,3.7,7253.7,135.5,"Run"
"F",1.473,5.1,5853.8,160.8,"Run"
"F",3.019,3.7,1047.6,162.6,"Run"
"F",3.132,4.4,11917.3,158.4,"Run"
"F",2.689,3.5,12102.3,176.2,"Run"
"F",1.99,13,25645.1,143.8,"Run"
"F",1.891,2.9,1875.9,147.9,"Run"
"F",1.946,13.4,5465.3,116,"Run"
"F",3.287,5.3,10080.2,143.3,"Run"
"F",3.243,4.6,5253.2,141,"Run"
"F",2.336,3.4,324.7,158.1,"Run"
"F",2.351,2.7,1412.9,151.1,"Run"
"F",2.566,9.7,1570.1,124.3,"Run"
"F",2.649,3.7,5380.3,175.9,"Run"
"F",2.828,3.7,11541.7,138.5,"Run"
"F",2.51,5,4435.5,146.3,"Run"
"F",4.78,14.6,16600,128.6,"Run"
"F",3.328,5,18497.7,150.1,"Run"
"F",2.71,3.5,12005.7,165.9,"Run"
"F",3.054,4.6,10171.4,174,"Run"
"F",1.457,3,5077,105.1,"Run"
"F",2.742,4,7407,150,"Run"
"F",2.462,3.8,8489.1,129.7,"Run"
"F",3.456,4.5,20009.7,142.6,"Run"
"F",2.912,3.5,1362.9,135,"Run"
"F",2.62,4.9,41032.9,75.1,"Run"
"F",2.724,5.7,4331.6,152.6,"Run"
"F",2.095,3.1,5684.5,126.1,"Run"
"F",2.629,3.6,10200.3,172.2,"Run"
"F",2.604,3.2,5225.5,145.6,"Run"
"F",2.726,3.3,7380,147.8,"Run"
"F",2.291,5,11763.3,151.3,"Run"
"F",2.241,2.9,5057.5,180,"Run"
"F",1.717,2.8,6346.5,118.2,"Run"
"F",2.487,3.5,6129.3,158,"Run"
"F",3.037,7.3,12774,97,"Run"
"F",3.031,6.7,11292.3,142.5,"Run"
"F",2.701,8.1,10486.1,151.8,"Run"
"F",2.829,4.4,14005.7,155.3,"Run"
"F",3.165,4.4,6482.3,161.8,"Run"
"F",3.792,4.6,19516.1,165.9,"Run"
"F",2.974,4.5,6460,158.3,"Run"
"F",1.719,3.8,6520.7,111.7,"Run"
"F",3.565,4.3,10007,166.9,"Run"
"F",2.123,2.7,2887,142.1,"Run"
"F",2.413,3.1,4550,167.3,"Run"
"F",2.736,3.5,4021.5,148.8,"Run"
"F",3.261,4.1,11277.1,156.7,"Run"
"F",2.061,10.1,6181.6,136.7,"Run"
"F",2.933,5,15574.1,129.2,"Run"
"F",1.516,3,8377.7,118.5,"Run"
"F",2.631,4.1,2915.7,160.3,"Run"
"F",2.857,3.5,4973.6,173.5,"Run"
"F",3.112,4.1,4988.6,171.9,"Run"
"F",2.608,3.4,5099.3,177.4,"Run"
"F",1.65,2.4,5800.9,102.2,"Run"
"F",1.874,3.6,15901.9,123.1,"Run"
"F",3.312,5.5,10976.5,158.8,"Run"
"F",2.448,3.6,4404.8,137.3,"Run"
"F",2.086,4.1,5138.5,150.1,"Run"
"F",1.512,3.2,2143.8,167.1,"Run"
"F",2.643,4.8,8087.4,155.1,"Run"
"F",3.216,3.9,3280.3,152,"Run"
"F",1.937,3,2469.5,161.5,"Run"
"F",2.235,2.9,809,135.4,"Run"
"F",3.268,5.3,11063.1,182,"Run"
"F",2.375,5.9,13397.7,151.8,"Run"
"F",1.738,6.4,3879,114.6,"Run"
"F",1.922,2.2,1280,154.5,"Run"
"F",2.883,5.7,4618.1,136.9,"Run"
"F",2.45,18.4,5673.9,167.7,"Run"
"F",2.796,4.7,6351.5,166,"Run"
"F",2.326,3.8,5811.5,141.9,"Run"
"F",1.938,4.4,8395.6,126,"Run"
"F",2.509,4.3,7592.4,136.9,"Run"
"F",2.694,5.7,14047,152,"Run"
"F",2.733,3.1,1773.7,144.2,"Run"
"F",2.399,2.5,5152.4,148.7,"Run"
"F",3.012,4.4,9400.6,171.1,"Run"
"F",3.103,5.8,16477.4,161.7,"Run"
"F",3.601,5.8,42549.4,168.6,"Run"
"F",3.07,4.7,4942.3,149.6,"Run"
"F",0.954,2.1,3217.6,77.9,"Run"
"F",2.852,6.4,6004.4,166.3,"Run"
"F",0.003,5.5,6092.1,171.7,"Run"
"F",0.558,3.6,40.7,127.3,"Run"
"F",2.652,5.8,10306,179.6,"Run"
"F",2.761,4.6,4903.6,115.9,"Run"
"F",2.337,3.5,5143.8,154.4,"Run"
"F",3.42,7.9,13718.7,148.2,"Run"
"F",2.332,3,14487.2,149.4,"Run"
"F",4.715,14.9,31139.1,113.6,"Run"
"F",3.024,3.8,1067.6,169.6,"Run"
"F",0.968,2.3,4695.3,132.1,"Run"
"F",2.226,27.1,4056.1,124.9,"Run"
"F",3.245,6,11816.5,152.1,"Run"
"F",3.42,8.3,20514.4,156,"Run"
"F",2.647,3.9,1582.7,163.6,"Run"
"F",2.355,3.1,24209.9,135.9,"Run"
"F",2.043,3.2,5951.7,134.1,"Run"
"F",2.502,4.9,5035,165.6,"Run"
"F",2.519,3,6438.1,110.9,"Run"
"F",2.776,4,8772,150.3,"Run"
"F",1.788,3,4496.3,118.4,"Run"
"F",2.838,3.8,8324.8,145.7,"Run"
"F",2.56,3.1,2734.6,163.6,"Run"
"F",2.966,8.7,8149.7,137.8,"Run"
"F",2.464,4.6,6446.9,106.2,"Run"
"F",1.901,3.1,4171.6,146.6,"Run"
"F",2.526,4.2,6755.8,156,"Run"
"F",2.713,3.3,3225.6,174,"Run"
"F",3.717,4.4,3218.6,155.7,"Run"
"F",2.439,4.5,6430.1,133,"Run"
"F",2.652,5.8,10306,179.6,"Run"
"F",1.519,1.7,1852.6,92.8,"Run"
"F",2.758,3.6,1014.9,138.2,"Run"
"F",2.932,3.8,10302.6,161.7,"Run"
"F",3.135,5.2,16121.8,158.9,"Run"
"F",3.848,5.1,1550.7,118.9,"Run"
"F",2.359,4,5296.5,134,"Run"
"F",2.073,5.7,15583.9,96.6,"Run"
"F",2.973,3.6,8925.7,175.2,"Run"
"F",2.493,3.5,11298.8,163.6,"Run"
"F",3.2,4,3440.1,165.7,"Run"
"F",2.219,5.4,3805,137.4,"Run"
"F",2.712,4,5260.4,156.1,"Run"
"F",2.23,4,4334.5,144.7,"Run"
"F",2.706,4.1,5033.3,159.6,"Run"
"F",1.533,2.9,1541.7,96.7,"Run"
"F",3.683,4.4,4010.7,187.6,"Run"
"F",2.203,3.1,5008.8,144.1,"Run"
"F",2.845,4.1,4899.8,134.9,"Run"
"F",2.75,5.4,7286,168.6,"Run"
"F",2.97,4.6,16131.3,177,"Run"
"F",2.33,3.4,7657.7,141.6,"Run"
"F",3.162,4.1,5071.4,160.1,"Run"
"F",2.809,5.1,8006.2,171.7,"Run"
"F",3.109,7.2,11274.6,146.2,"Run"
"F",1.142,2.8,2838.1,94.6,"Run"
"F",3.369,3.8,397.6,161.6,"Run"
"F",2.623,3.5,18966.9,171.2,"Run"
"F",2.895,4.7,7413.6,149.3,"Run"
"F",2.405,4.5,4851.2,137.5,"Run"
"F",3.278,4.1,1934.2,175.5,"Run"
"F",3.344,6.8,17972.3,177.2,"Run"
"F",2.184,5,8698.1,137.1,"Run"
"F",2.183,4.3,2967.1,146.3,"Run"
"F",2.836,8.3,6629.5,147.9,"Run"
"F",2.791,6,6654.2,144.2,"Run"
"F",3.001,13,7054.2,172.1,"Run"
"F",2.457,4.3,9359.3,158.9,"Run"
"F",2.67,4.3,20773.5,149.2,"Run"
"F",2.021,3,3267.9,180.7,"Run"
"F",3.357,5,10015.1,162.1,"Run"
"F",2.934,4.3,5061.4,177.6,"Run"
"F",3.064,3.8,16101.2,162,"Run"
"F",2.741,5.7,6837.3,164.3,"Run"
"F",2.792,4.2,9961.1,170.9,"Run"
"F",2.589,3.2,5408.6,130.6,"Run"
"F",3.9,5.1,7676,141.8,"Run"
"M",3.104,4.5,9767.6,143.8,"Run"
"M",3.063,6.6,10029.3,171.4,"Run"
"M",1.896,3.9,9692.8,141.7,"Run"
"M",1.834,2.7,940.6,120.3,"Run"
"M",2.267,4.1,8110.9,138.9,"Run"
"M",3.137,6.4,6417.8,156.2,"Run"
"M",3.47,6.3,8133.9,146.1,"Run"
"M",3.119,4.5,4928.5,157.2,"Run"
"M",2.498,3.8,8838,126.1,"Run"
"M",3.126,5.9,7327.4,139.7,"Run"
"M",3.01,12.3,11075.5,140.8,"Run"
"M",3.434,5.8,7290.5,172.5,"Run"
"M",2.087,4.5,6324.5,120.5,"Run"
"M",3.222,4.1,4687.3,151.9,"Run"
"M",3.056,4.6,16261.1,146.9,"Run"
"M",2.848,3.7,11191.7,159.1,"Run"
"M",3.164,4.4,11133.1,156.4,"Run"
"M",2.904,4.2,7579.7,144.5,"Run"
"M",3.319,5.2,6216.3,84.3,"Run"
"M",3.254,4.2,12689.9,143.6,"Run"
"M",3.669,11,15546.3,153.5,"Run"
"M",2.719,8.9,3542.7,167,"Run"
"M",2.47,4.5,2652.3,135.7,"Run"
"M",3.528,5.9,1337.3,134.4,"Run"
"M",2.962,3.8,6616.5,159.7,"Run"
"M",1.724,3.7,4402.5,117.4,"Run"
"M",2.569,3.3,5132.7,160.5,"Run"
"M",3.382,4.5,17605.3,149.5,"Run"
"M",1.261,3.2,2717.1,164.4,"Run"
"M",2.675,3.2,7666.8,146.3,"Run"
"M",3.152,4.1,11270.4,158.1,"Run"
"M",2.93,3.6,1005,123.6,"Run"
"M",3.511,5.1,8206.1,157,"Run"
"M",3.196,4.2,7749.9,146.7,"Run"
"M",2.469,5.2,21958.4,134,"Run"
"M",2.883,4.7,5255.5,143.8,"Run"
"M",3.386,4.7,16360.4,147.5,"Run"
"M",3.036,4.4,10129.6,166.5,"Run"
"M",3.033,4.2,14129.3,161.5,"Run"
"M",2.955,4.3,10356,150.5,"Run"
"M",2.794,4.6,6631.8,148.7,"Run"
"M",2.746,7.8,24691.6,150.6,"Run"
"M",3.559,4,2345.5,116.1,"Run"
"M",3.124,3.3,8850.2,142.3,"Run"
"M",2.766,4.5,3308.6,155.3,"Run"
"M",2.235,4.4,11425,152,"Run"
"M",3.796,5,19831.9,144,"Run"
"M",3.543,4.9,11340.8,140.5,"Run"
"M",2.251,3.3,5604.4,166.7,"Run"
"M",2.67,6.3,19793.3,172.4,"Run"
"M",1.467,1.9,2895.5,90.8,"Run"
"M",2.547,2.9,43.3,87.4,"Run"
"M",2.945,3.8,5250.9,158.7,"Run"
"M",1.821,6.1,10630.4,121.7,"Run"
"M",2.549,4.7,6193.9,150.6,"Run"
"M",2.34,4.2,6288.7,138.3,"Run"
"M",2.965,5.5,10631.9,148,"Run"
"M",3.151,10.7,2149.2,143.3,"Run"
"M",2.651,5,15262.8,144.5,"Run"
"M",3.372,6,9871.8,153.3,"Run"
"M",1.821,6.1,10630.4,121.7,"Run"
"M",3.263,4.8,9978.2,143,"Run"
"M",2.472,3.1,5698.5,126.2,"Run"
"M",2.34,3.3,5187.4,119.5,"Run"
"M",2.962,4.6,10059.5,161.5,"Run"
"M",3.595,4.8,5957.3,179.1,"Run"
"M",3.26,5.4,13176.6,149.5,"Run"
"M",3.595,5.7,2358.2,147,"Run"
"M",1.423,4.8,6208,107.3,"Run"
"M",3.022,3.5,8053.9,156.6,"Run"
"M",2.929,3.8,9760.8,146.2,"Run"
"M",3.136,4.2,10003.3,151,"Run"
"M",2.999,3.4,5641.4,132,"Run"
"M",2.711,2.9,1361.1,127,"Run"
"M",3.674,5.8,11390.5,143.4,"Run"
"M",2.827,4.8,10297.3,142.6,"Run"
"M",3.192,4.6,7175.5,132.1,"Run"
"M",3.989,5.2,8329.4,164.1,"Run"
"M",2.847,4.9,11930.7,148.7,"Run"
"M",3.223,6,11572.1,156,"Run"
"M",3.193,3.7,10081.5,143.6,"Run"
"M",1.359,3.3,5985.2,149.9,"Run"
"M",2.113,2.8,1233.9,150.1,"Run"
"M",2.069,2.5,736.4,130.7,"Run"
"M",3.272,4,7263.3,149,"Run"
"M",3.738,6.7,15858.4,150,"Run"
"M",2.617,5.9,10346.1,131.9,"Run"
"M",3.32,7.5,12547.4,147.8,"Run"
"M",2.76,4.3,21570.4,151.7,"Run"
"M",3.362,4.9,8062.9,169.6,"Run"
"M",3.138,4.6,6470.2,131.2,"Run"
"M",2.602,4.9,20114.1,139,"Run"
"M",1.982,3.8,9186.7,167.7,"Run"
"M",2.241,4.2,7093.6,117.9,"Run"
"M",3.269,4.6,42556.8,152.5,"Run"
"M",2.986,4.1,3488.2,139.5,"Run"
"M",2.892,4.7,5225.1,135.3,"Run"
"M",2.711,3.2,10311.4,163,"Run"
"M",3.203,4.7,5473.4,141.9,"Run"
"M",3.183,4.6,13561.8,155.2,"Run"
"M",2.848,3.9,12006.2,154.1,"Run"
"M",3.389,4.1,7119.3,167.8,"Run"
"M",3.647,5.8,15787.9,160.9,"Run"
"M",2.377,8.8,5316.9,156.2,"Run"
"M",2.961,4.4,10306.8,144.7,"Run"
"M",3.372,5.4,9421.7,146.5,"Run"
"M",3.765,8.9,4924.8,175.1,"Run"
"M",3.28,5.4,5257.6,138,"Run"
"M",3.637,4.7,14127.9,148,"Run"
"M",3.296,7.3,16009.5,153.5,"Run"
"M",2.916,3.4,7053.8,127.4,"Run"
"M",2.693,4.1,7603.1,154.2,"Run"
"M",3.323,6.4,13330.5,136.7,"Run"
"M",2.96,3.9,3344.8,174.5,"Run"
"M",2.892,5.7,7086.5,140.2,"Run"
"M",2.746,5.6,5887.1,136.4,"Run"
"M",2.626,3.8,12004.7,144.1,"Run"
"M",3.413,5.1,15428.3,164.4,"Run"
"M",2.461,3.8,6832.9,151.4,"Run"
"M",2.373,3.8,8364,132.2,"Run"
"M",3.01,4.4,7823.1,169.9,"Run"
"M",3.426,4.7,7831.9,149.7,"Run"
"M",3.228,5.9,12364.7,177.1,"Run"
"M",3.177,6.2,6134.3,149.6,"Run"
"M",2.205,4.2,7563.4,173.3,"Run"
"M",2.325,7.1,20551.9,115.2,"Run"
"M",3.144,5.5,12149.5,144.4,"Run"
"M",1.922,3.4,11215.3,139.8,"Run"
"M",2.129,6.6,5549.1,141.1,"Run"
"M",2.629,10.2,7184.4,161.8,"Run"
"M",3.662,8.1,8938,150.7,"Run"
"M",2.866,3.6,478.6,143.5,"Run"
"M",2.91,3.4,10016.7,153.3,"Run"
"M",3.417,4.8,12065.6,152.3,"Run"
"M",3.412,4.2,3244.5,148.5,"Run"
"M",2.533,5.9,6523.1,145.4,"Run"
"M",2.853,4.2,4736.1,146,"Run"
"M",3.358,6.9,14500.8,161.2,"Run"
"M",2.632,3.3,5222.5,169.9,"Run"
"M",2.2,3.6,6435.4,148.2,"Run"
"M",2.252,6.8,10627.6,143.1,"Run"
"M",2.531,3.1,7440,157.9,"Run"
"M",3.081,4.2,6997,160.7,"Run"
"M",3.25,6.9,9018.1,155.1,"Run"
"M",3.289,4.4,2404.1,150.6,"Run"
"M",4.411,6.2,5888.2,163.2,"Run"
"M",3.867,5.1,5007.3,155.5,"Run"
"M",2.481,4.3,12026.9,154.6,"Run"
"M",3.424,6.6,24128.9,149.2,"Run"
"M",3.836,4.2,7254.1,159.6,"Run"
"M",2.585,7.2,11977.1,154.4,"Run"
"M",3.238,6.1,9884.6,141.9,"Run"
"M",2.112,3.5,2823.9,153.7,"Run"
"M",3.237,6.1,12791.1,146.3,"Run"
"M",2.269,4.4,5873.4,155,"Run"
"M",2.915,3.6,11623.2,117.5,"Run"
"M",2.721,3.4,12883.9,143.9,"Run"
"M",2.909,4.6,10150.6,143.6,"Run"
"M",2.532,5.2,8491.3,144.1,"Run"
"M",2.881,4.3,6042.5,184.5,"Run"
"M",3.164,4.6,11391.5,154.4,"Run"
"M",2.635,4.3,21424,148.4,"Run"
"M",2.536,3,10335.5,148.3,"Run"
"M",3.74,5.3,8053.2,173.1,"Run"
"M",2.626,7.3,4724.2,135.3,"Run"
"M",3.02,3.8,4026.2,130.3,"Run"
"M",2.857,8.5,8192,142,"Run"
"M",4.023,4.8,2804,178.9,"Run"
"M",1.764,3,2439.3,122.5,"Run"
"M",2.856,4.9,6463,146.2,"Run"
"M",2.905,3.7,8317.7,156.8,"Run"
"M",1.758,3.1,8450.8,96.5,"Run"
"M",3.646,5.3,12013.3,161.4,"Run"
"M",2.812,7.5,7714.1,159.2,"Run"
"M",2.923,8,10556.2,160.3,"Run"
"M",2.76,4.1,9939.8,135.1,"Run"
"M",3.663,5.2,21283.1,166.9,"Run"
"M",3.096,4,9908.7,175,"Run"
"M",4.249,6.6,7198.6,160.7,"Run"
"M",3.337,5.1,6306.5,161.7,"Run"
"M",3.229,4.3,6154.6,162.6,"Run"
"M",3.487,5.9,9952,147.5,"Run"
"M",2.781,4,3212.4,125.5,"Run"
"M",3.798,7.2,11683.2,150.1,"Run"
"M",3.341,5,17251.3,152.5,"Run"
"M",2.551,3.9,9314.1,138.4,"Run"
"M",2.481,3.5,9868.4,122.4,"Run"
"M",2.513,4.1,1880,175.1,"Run"
"M",3.473,5,35203.9,140.1,"Run"
"M",3.064,5,8671.9,139.5,"Run"
"M",4.394,5.6,7565.9,164.6,"Run"
"M",2.731,4.2,9811.5,151.1,"Run"
"M",3.078,3.9,2927,171.7,"Run"
"M",2.605,5.3,14338.5,142.9,"Run"
"M",5.949,10.2,23688.7,145.2,"Run"
"M",2.377,5,10696,150.6,"Run"
"M",3.077,6.4,10163.5,147.1,"Run"
"M",3.24,4.4,20481.8,151.5,"Run"
"M",3.922,5.6,5051.7,177.4,"Run"
"M",3.641,5.5,12791.2,135.5,"Run"
